Canonical_SMILES,phenotypic_inducer,Chemcial_Name
CC1CCC2CC(C(=CC=CC=CC(CC(C(=O)C(C(C(=CC(C(=O)CC(OC(=O)C3CCCCN3C(=O)C(=O)C1(O2)O)C(C)CC4CCC(C(C4)OC)O)C)C)O)OC)C)C)C)OC,1,Rapamycin
CC1CCC2CC(C(=CC=CC=CC(CC(C(=O)C(C(C(=CC(C(=O)CC(OC(=O)C3CCCCN3C(=O)C(=O)C1(O2)O)C(C)CC4CCC(C(C4)OC)OCCO)C)C)O)OC)C)C)C)OC,1,Everolimus
CC1CCC2CC(C(=CC=CC=CC(CC(C(=O)C(C(C(=CC(C(=O)CC(OC(=O)C3CCCCN3C(=O)C(=O)C1(O2)O)C(C)CC4CCC(C(C4)OC)OC(=O)C(C)(CO)CO)C)C)O)OC)C)C)C)OC,1,Temsirolimus
CC1CCC2CC(C(=CC=CC=CC(CC(C(=O)C(C(C(=CC(C(=O)CC(OC(=O)C3CCCCN3C(=O)C(=O)C1(O2)O)C(C)CC4CCC(C(C4)OC)OP(=O)(C)C)C)C)O)OC)C)C)C)OC,1,Deforolimus
CC1CCC2CC(C(=CC=CC=CC(CC(C(=O)C(C(C(=CC(C(=O)CC(OC(=O)C3CCCCN3C(=O)C(=O)C1(O2)O)C(C)CC4CCC(C(C4)OC)OP(=O)(C)C)C)C)O)OC)C)C)C)OC,1,Ridaforolimus
CC1CCC2CC(C(=CC=CC=CC(CC(C(=O)C(C(C(=CC(C(=O)CC(OC(=O)C3CCCCN3C(=O)C(=O)C1(O2)O)C(C)CC4CCC(C(C4)OC)N5C=NN=N5)C)C)O)OC)C)C)C)OC,1,Zotarolimus
CCOCCOC1CCC(CC1OC)CC(C)C2CC(=O)C(C=C(C(C(C(=O)C(CC(C=CC=CC=C(C(CC3CCC(C(O3)(C(=O)C(=O)N4CCCCC4C(=O)O2)O)C)OC)C)C)C)OC)O)C)C,1,Umirolimus
CC1CCC2CC(C(=CC=CC=CC(CC(C(=O)C(C(C(=CC(C(=O)CC(OC(=O)C3CCCCN3C(=O)C(=O)C1(O2)O)C(C)CC4CCC(C(C4)OC)O)C)C)O)OC)C)C)C)O,1,Novolimus
CCC(=O)N1CCN(CC1)C2=C(C=C(C=C2)N3C(=O)C=CC4=CN=C5C=CC(=CC5=C43)C6=CC7=CC=CC=C7N=C6)C(F)(F)F,1,Torin-1
C1=CC(=CC(=C1)N2C(=O)C=CC3=CN=C4C=CC(=CC4=C32)C5=CN=C(C=C5)N)C(F)(F)F,1,Torin-2
CC(C)N1C2=NC=NC(=C2C(=N1)C3=CC4=C(N3)C=CC(=C4)O)N,1,PP242
CC1COCCN1C2=NC(=NC3=C2C=CC(=N3)C4=CC(=C(C=C4)OC)CO)N5CCOCC5C,1,AZD8055
COC1=CC=CC2=C1NC(=C2)C3=C4C(=NC=NN4C(=N3)C5CCC(CC5)C(=O)O)N,1,OSI-027
CC(C)N1C2=NC=NC(=C2C(=N1)C3=CC4=C(C=C3)OC(=N4)N)N,1,Ink128
CC(C)N1C2=NC=NC(=C2C(=N1)C3=CC4=C(C=C3)OC(=N4)N)N,1,MLN0128
CNC(=O)NC1=CC=C(C=C1)C2=NC3=C(C=NN3C4CCC5(CC4)OCCO5)C(=N2)N6CC7CCC(C6)O7,1,WYE-132
CN(C)C(=N)N=C(N)N,1,Metformin
C1=NC(=C(N1C2C(C(C(O2)COP(=O)(O)O)O)O)N)C(=O)N,1,AICAR
C1=CC=C(C=C1)CCN=C(N)N=C(N)N,1,Phenformin
C1=CC=C(C(=C1)C2=CC=C(C=C2)C3=CSC4=C3C(=C(C(=O)N4)C#N)O)O,1,A-769662
C1=CC(=CC=C1CN2C(=O)N=C(S2)NC(=O)C3=CC=C(C=C3)Cl)Cl,1,O304
CC1=CC(=C(C=C1C)[N+](=O)[O-])C2=CC=C(O2)C=C3C(=O)NC(=NC4=CC(=C(C=C4)Cl)C(=O)O)S3,1,PT-1
CC1CC(=CC=CC(C(OC(=O)C(=CC(=CC(C1O)C)C)OC)C(C)C(C(C)C2(CC(C(C(O2)C(C)C)C)O)O)O)OC)C,0,Bafilomycin A1
CC1CC(=CC=CC(C(OC(=O)C(=CC(=CC(C1O)C)C)OC)C(C)C(C(C)C2(CC(C(C(O2)C(C)C)C)OC(=O)C=CC(=O)NC3=C(CCC3=O)O)O)O)OC)C,0,Bafilomycin B1
CCC1C(C(CC(=CC=CC(C(OC(=O)C(=CC(=CC(C1O)C)C)OC)C(C)C(C(C)C2(CC(C(C(O2)C=CC)C)OC3CC(C(C(O3)C)OC(=O)N)O)O)O)OC)C)C)O,0,Concanamycin A
CC=CC1C(C(CC(O1)(C(C)C(C(C)C2C(C=CC=C(CC(C(C(C(C(C=C(C=C(C(=O)O2)OC)C)C)O)C)O)C)C)OC)O)O)OC3CC(C(C(O3)C)OC(=O)N)O)C,0,Concanamycin B
CCC=CC=CC(=O)NC=CCC1CC(C(CC=CCC2=C(C(=CC=C2)O)C(=O)O1)C)O,0,Salicylihalamide A
CC1C=CC=C(C(C(C(C=CC(=CC(=CC(C(C=C(CC=C(C(=O)OC1C2=CSC(=N2)C(CC(C)C)OC(=O)NC)C)C)O)C)C)C)O)C)OC)C,0,Archazolid A
CC1C=CC(C(=CCC2=C(C(=CC=C2)O)C(=O)OC(CC(=O)O1)CC=CNC(=O)C=CC=NOC)C)O,0,Lobatamide A
CCN(CC)CCCC(C)NC1=C2C=CC(=CC2=NC=C1)Cl,0,Chloroquine
CCN(CCCC(C)NC1=C2C=CC(=CC2=NC=C1)Cl)CCO,0,Hydroxychloroquine
CCN(CC)CCNC1=C2C(=C(C=C1)C)SC3=CC=CC=C3C2=O,0,Lucanthone
CN(CCNC1=C2C=CC(=CC2=NC=C1)Cl)CCNC3=C4C=CC(=CC4=NC=C3)Cl.Cl.Cl.Cl,0,Lys05
CN(CCCCCCNC1=C2C=CC(=CC2=NC=C1)Cl)CCCCCCNC3=C4C=CC(=CC4=NC=C3)Cl,0,DC661
C1CCNC(C1)C(C2=CC(=NC3=C2C=CC=C3C(F)(F)F)C(F)(F)F)O,0,Mefloquine
CCC1(CCC(O1)C2(CCC3(O2)CC(C(C(O3)C(C)C(C(C)C(=O)O)OC)C)O)C)C4C(CC(O4)C5C(CC(C(O5)(CO)O)C)C)C,0,Monensin
CCOC(=O)C1C(O1)C(=O)NC(CC(C)C)C(=O)NCCC(C)C,0,E64d
CC(C)CC(C(CC(=O)O)O)NC(=O)C(C)NC(=O)CC(C(CC(C)C)NC(=O)C(C(C)C)NC(=O)C(C(C)C)NC(=O)CC(C)C)O,0,Pepstatin A
CC(C)CC(C(=O)NC(CC(C)C)C(=O)NC(CCCN=C(N)N)C=O)NC(=O)C,0,Leupeptin
CN1C=NC(=N)C2=C1N=CN2,0,3-Methyladenine
CC(=O)OC1CC2(C(CCC2=O)C3=C1C4(C(OC(=O)C5=COC(=C54)C3=O)COC)C)C,0,Wortmannin
C1COCCN1C2=CC(=O)C3=C(O2)C(=CC=C3)C4=CC=CC=C4,0,LY294002
C1CC1CC2=NC(=NC=C2C3=NC(=NC=C3)NC4=CC=NC=C4)N,0,PIK-III
CC(C)(CNC1=NC=C(C(=N1)CC2CC2)C3=NC(=NC=C3)NC4=CC(=NC=C4)Cl)O,0,VPS34-IN1
CC1COCCN1C2=CC(=O)N3CCC(N(C3=N2)CC4=CC(=CN=C4)Cl)C(F)(F)F,0,SAR405
C1COCCN1C2=NC(=NC(=C2)C3=CN=C(C=C3C(F)(F)F)N)N4CCOCC4,0,BKM120
COC1=C(C=CC2=C3NCCN3C(=NC(=O)C4=CN=C(N=C4)N)N=C21)OCCCN5CCOCC5,0,Copanlisib
CNC(=O)C1=CC=CC=C1OC2=NC(=NC=C2Br)NC3=CC(=C(C(=C3)OC)OC)OC,0,SBI-0206965
CN1CCC2=C(C1)C=CC(=C2)NC3=NC=C(C(=N3)NCCCNC(=O)C4CCC4)C5CC5,0,MRT68921
CC(C)CN(CC(C)C)CC(=O)N1CCN(CC1)CC(C2=C(C=C(C=C2)Cl)Cl)OCC3=CC4=CC=CC=C4C=C3,0,LYN-1604
C1CC1C(C(F)(F)F)NC(=O)C2=CC(=CS2)C3=C4N=CC(=CN4N=C3)C5=CC=C(C=C5)F,0,ULK-101
C1CCN(CC1)CCOC2=CC=C(C=C2)C3=CN4C(=C(C=N4)C5=CC=NC=C5)N=C3,0,Dorsomorphin
