model,task,source_script,architecture,positives,negatives,n_positive,n_negative,split_strategy,features,context_features,output,signature_auroc,signature_auprc,signature_accuracy,signature_f1,compound_auroc,compound_auprc,held_out_rapamycin_proba,held_out_chloroquine_proba,mtor_auroc,pi3k_auroc,activator_auroc,direction_auroc,direction_auprc,direction_f1,test_set_notes,model_file,key_result
CLAMP+context,binary modulator vs neutral,hamdb_binary_classifier_xgb.py,XGBoost (1000 trees depth 6),227 HAMDB modulators with L1000 signatures,227 random L1000 compounds,227,227,70/30 scaffold-aware; mTOR/PI3K overlap enforced,768-d CLAMP embedding,Cell one-hot + log dose + time one-hot,Modulator probability,0.669,0.875,0.753,0.846,0.800,0.749,0.706,0.548,0.460,0.482,0.595,,,,Test: 137 compounds / 3856 signatures; Rapamycin/Chloroquine held out,None,Best L1000-context deep baseline
Ridge+context (CLAMP),binary modulator vs neutral,hamdb_binary_classifier_xgb.py,RidgeClassifier L2 linear,227 HAMDB modulators with L1000 signatures,227 random L1000 compounds,227,227,70/30 scaffold-aware; mTOR/PI3K overlap enforced,768-d CLAMP embedding,Cell one-hot + log dose + time one-hot,Modulator probability,0.560,0.757,0.645,0.758,0.722,0.654,,,,,,,,,Test: 137 compounds / 3856 signatures,None,Weakest L1000-context model
Morgan+context,binary modulator vs neutral,hamdb_binary_classifier_xgb.py,XGBoost (1000 trees depth 6),227 HAMDB modulators with L1000 signatures,227 random L1000 compounds,227,227,70/30 scaffold-aware; mTOR/PI3K overlap enforced,2048-bit Morgan fingerprint,Cell one-hot + log dose + time one-hot,Modulator probability,0.765,0.914,0.820,0.894,0.845,0.810,0.981,0.992,0.629,0.657,0.897,,,,Test: 137 compounds / 3856 signatures; Rapamycin/Chloroquine held out,None,Best L1000-context model
Ridge+context (Morgan),binary modulator vs neutral,hamdb_binary_classifier_xgb.py,RidgeClassifier L2 linear,227 HAMDB modulators with L1000 signatures,227 random L1000 compounds,227,227,70/30 scaffold-aware; mTOR/PI3K overlap enforced,2048-bit Morgan fingerprint,Cell one-hot + log dose + time one-hot,Modulator probability,0.705,0.874,0.772,0.852,0.823,0.765,,,,,,,,,Test: 137 compounds / 3856 signatures,None,Strong linear baseline
Morgan only,binary modulator vs neutral,train_3class_autophagy_classifier.py,XGBoost binary:logistic balanced,514 HAMDB activators + 132 inhibitors,~5893 ChEMBL scaffold-family neutrals,646,5893,20/80 scaffold-aware stratified by class,2048-bit Morgan fingerprint,None,Modulator probability,0.858,0.642,,,0.858,0.642,,,,,,,,,Test: ~1376 compounds,binary_morgan_only_xgb.pkl,Used for ChEMBL cascade enrichment
Morgan + CLAMP,binary modulator vs neutral,train_3class_autophagy_classifier.py,XGBoost binary:logistic balanced,514 HAMDB activators + 132 inhibitors,~5893 ChEMBL scaffold-family neutrals,646,5893,20/80 scaffold-aware stratified by class,2048-bit Morgan + 768-d CLAMP,None,Modulator probability,0.866,0.629,,,0.866,0.629,,,,,,,,,Test: ~1376 compounds,binary_morgan_clamp_xgb.pkl,Highest standalone binary AUROC
3-class Morgan only,multiclass activator/inhibitor/neutral,train_3class_autophagy_classifier.py,XGBoost multi:softprob 3 classes,514 activators + 132 inhibitors + 5893 neutrals,None,6539,0,20/80 scaffold-aware stratified by class,2048-bit Morgan fingerprint,None,Class probabilities,,,,,,0.900 accuracy,0.532 macro F1,,,,,,Test: ~1376 compounds,3class_morgan_only_xgb.pkl,Neutral dominates; poor inhibitor recall
3-class Morgan + CLAMP,multiclass activator/inhibitor/neutral,train_3class_autophagy_classifier.py,XGBoost multi:softprob 3 classes,514 activators + 132 inhibitors + 5893 neutrals,None,6539,0,20/80 scaffold-aware stratified by class,2048-bit Morgan + 768-d CLAMP,None,Class probabilities,,,,,,0.900 accuracy,0.455 macro F1,,,,,,Test: ~1376 compounds,3class_morgan_clamp_xgb.pkl,CLAMP hurt direction discrimination
Cascade binary -> direction,two-stage modulator then direction,cascade_autophagy_classifier.py,Stage1: XGB binary; Stage2: XGB direction,Stage1: 646 HAMDB + 5893 ChEMBL neutrals; Stage2: 514 activators vs 132 inhibitors,Stage1: 5893 neutrals; Stage2: none,Stage1: 6539; Stage2: 646,Stage1: 5893; Stage2: 0,Stage1: 20/80 scaffold; Stage2: 5-fold scaffold CV,2048-bit Morgan fingerprint,None,Modulator probability + activator/inhibitor label,0.858,0.642,,,0.858,0.642,,,,,,0.534,0.366,0.326,Stage1 test ~1376; Stage2 CV AUROC 0.534 ± 0.045,binary_morgan_only_xgb.pkl + direction_morgan_only_xgb.pkl,Direction stage unreliable; used for ChEMBL cascade predictions
