model,threshold,n_compounds,pct_of_total,autophagy_active_pct,mtor_pi3k_pct,lysosomal_pct
Morgan + CLAMP,0.5,2791,2.80691520923637,1.6123253314224293,3.081332855607309,0.0
Morgan only,0.5,21897,22.021863968702544,0.39731470064392377,0.5114855916335571,0.0
Morgan + CLAMP,0.6,2072,2.083815232367524,1.9787644787644787,3.9575289575289574,0.0
Morgan only,0.6,15091,15.177053895587983,0.4307202968656815,0.662646610562587,0.0
Morgan + CLAMP,0.7,1501,1.5095592006677863,2.5316455696202533,5.063291139240507,0.0
Morgan only,0.7,9201,9.253467158790341,0.5216824258232801,0.7933920226062384,0.0
Morgan + CLAMP,0.8,998,1.003690927559261,3.306613226452906,6.813627254509018,0.0
Morgan only,0.8,4314,4.338599861213078,0.7185906351414001,1.0662957811775615,0.0
Morgan + CLAMP,0.9,560,0.5631933060452767,4.642857142857143,10.0,0.0
Morgan only,0.9,980,0.9855882855792343,1.0204081632653061,2.5510204081632653,0.0
Morgan + CLAMP,0.95,343,0.344955899952732,6.41399416909621,13.994169096209912,0.0
Morgan only,0.95,310,0.3117677229893496,1.6129032258064515,3.225806451612903,0.0
