bit,gain,rank,smarts,freq_modulators,freq_background,fold_enrichment
491,74.674,1,[#6]-[#7]-[#6],0.1037,0.0315,3.29
1302,72.872,2,[#6]:[#7]:[#6](:[#7]:[#6])-[#6](:[#6]):[#6],0.0186,0.0065,2.86
1585,68.784,3,[#6]:[#6](:[#6])-[#16]-[#6](:[#6]):[#6],0.0155,0.0125,1.24
548,57.128,4,[#6]-[#8]-[#6],0.0217,0.02,1.08
1154,56.896,5,[#6]-[#8],0.0929,0.031,3.0
1538,55.402,6,[#17],0.1238,0.012,10.32
348,53.396,7,[#6]-[#6]-[#6](-[#6](=[#8])-[#6])-[#6],0.0217,0.006,3.61
1260,52.11,8,[#6]:[#6](:[#6])-[#6](-[#9])(-[#9])-[#9],0.0248,0.027,0.92
1672,50.614,9,[#6]-[#8]-[#6](-[#6](-[#6])-[#8])-[#6](=[#8])-[#8],0.0155,0.0025,6.19
610,50.445,10,[#6]-[#6](-[#8])-[#6],0.0511,0.019,2.69
1456,50.329,11,[#6]-[#6]-[#17],0.0186,0.024,0.77
2004,49.316,12,[#6]:[#7]:[#7],0.0387,0.043,0.9
1257,47.552,13,[#6]-[#8],0.1672,0.071,2.35
1384,46.716,14,[#7],0.0666,0.0495,1.34
1436,45.232,15,[#6]-[#6](-[#6])(-[#6])-[#6],0.0372,0.013,2.86
